Name,Slug,Brand,Group,Collection,Tagline,Description,Category Slug,Category Label,Subcategory Slug,Subcategory Label,Price,Rating,Reviews Count,Protocols,Functions,Compatibility,Primary Feature Title,Primary Feature Text
Sunricher SR-SB1029-5C,sunricher-sr-sb1029-5c,Sunricher,b2b,Professional · 2.4G Mesh,Универсальный многоканальный LED контроллер,"Мультиформатный модуль для LED лент. Поддерживает режимы DIM, CCT, RGBW и RGB+CCT. Работает в стабильной Mesh-сети.",relays-actuators,Реле и модули,pwm-controllers,ШИМ контроллеры,20900,4.8,69,RF 2.4G Mesh · Bluetooth,Диммирование · CCT контроль · RGB контроль · Коммутация,Sunricher 2.4G Ecosystem · Homeelife App,Режим 4-в-1,Подстраивается под любой тип светодиодной ленты с помощью встроенных DIP-переключателей.
Sunricher SR-SB9101EA-5C,sunricher-sr-sb9101ea-5c,Sunricher,b2b,Professional · 2.4G Mesh,Универсальный многоканальный LED контроллер,"Мультиформатный модуль для LED лент. Поддерживает режимы DIM, CCT, RGBW и RGB+CCT. Работает в стабильной Mesh-сети.",relays-actuators,Реле и модули,pwm-controllers,ШИМ контроллеры,25700,5.0,105,RF 2.4G Mesh · Bluetooth,Диммирование · CCT контроль · RGB контроль · Коммутация,Sunricher 2.4G Ecosystem · Homeelife App,Режим 4-в-1,Подстраивается под любой тип светодиодной ленты с помощью встроенных DIP-переключателей.
Sunricher SR-SB9101CS,sunricher-sr-sb9101cs,Sunricher,b2b,Professional · 2.4G Mesh,Контроллер умного освещения,Компактный релейный или ШИМ-модуль для управления источниками света. Обеспечивает плавное диммирование в экосистеме Sunricher 2.4G Mesh.,relays-actuators,Реле и модули,pwm-controllers,ШИМ контроллеры,12100,5.0,53,RF 2.4G Mesh · Bluetooth,Диммирование,Sunricher 2.4G Ecosystem · Homeelife App,Высокая надежность,Встроенная защита от перегрузки и перегрева с автоматическим восстановлением.
Sunricher SR-SB1029S-DIM-5CH,sunricher-sr-sb1029s-dim-5ch,Sunricher,b2b,Professional · 2.4G Mesh,Универсальный многоканальный LED контроллер,"Мультиформатный модуль для LED лент. Поддерживает режимы DIM, CCT, RGBW и RGB+CCT. Работает в стабильной Mesh-сети.",relays-actuators,Реле и модули,pwm-controllers,ШИМ контроллеры,17300,4.8,107,RF 2.4G Mesh · Bluetooth,Управление освещением,Sunricher 2.4G Ecosystem · Homeelife App,Режим 4-в-1,Подстраивается под любой тип светодиодной ленты с помощью встроенных DIP-переключателей.
Sunricher SR-SB1029S-DIM-SENSOR,sunricher-sr-sb1029s-dim-sensor,Sunricher,b2b,Professional · 2.4G Mesh,Датчик движения и освещенности,"Мультисенсор для потолочного или накладного монтажа. Анализирует уровень света и присутствие, экономя электроэнергию.",security,Безопасность,sensors,Датчики умного дома,17300,4.8,78,RF 2.4G Mesh · Bluetooth,Мониторинг,Sunricher 2.4G Ecosystem · Homeelife App,Умная экономия,"Свет включается только тогда, когда это действительно нужно."
Sunricher SR-SB1029S-2Pin,sunricher-sr-sb1029s-2pin,Sunricher,b2b,Professional · 2.4G Mesh,Датчик движения и освещенности,"Мультисенсор для потолочного или накладного монтажа. Анализирует уровень света и присутствие, экономя электроэнергию.",security,Безопасность,sensors,Датчики умного дома,17300,4.8,116,RF 2.4G Mesh · Bluetooth,CCT контроль · Мониторинг,Sunricher 2.4G Ecosystem · Homeelife App,Умная экономия,"Свет включается только тогда, когда это действительно нужно."
Sunricher SR-GW-SB,sunricher-sr-gw-sb,Sunricher,b2b,Professional · 2.4G Mesh,Центральный шлюз умного дома,"Мост для подключения локальных устройств 2.4G Mesh к облачным сервисам. Позволяет управлять домом через интернет и голосовых помощников (Яндекс Алиса, Google Home).",gateways-protocols,Протоколы и Шлюзы,wireless-gateways,Шлюзы и конвертеры,38200,4.8,97,RF 2.4G Mesh · Bluetooth,Управление освещением,Sunricher 2.4G Ecosystem · Алиса · Google Home,Облачный доступ,Полный доступ к освещению из любой точки мира через смартфон.
Sunricher SR-SB2100AMP,sunricher-sr-sb2100amp,Sunricher,b2b,Professional · 2.4G Mesh,Контроллер умного освещения,Компактный релейный или ШИМ-модуль для управления источниками света. Обеспечивает плавное диммирование в экосистеме Sunricher 2.4G Mesh.,relays-actuators,Реле и модули,pwm-controllers,ШИМ контроллеры,10500,4.7,77,RF 2.4G Mesh,Управление освещением,Sunricher 2.4G Ecosystem,Высокая надежность,Встроенная защита от перегрузки и перегрева с автоматическим восстановлением.
Sunricher SR-SB9041A-D,sunricher-sr-sb9041a-d,Sunricher,b2b,Professional · 2.4G Mesh,Встраиваемый микродиммер,Компактный модуль для диммирования классических ламп накаливания и LED. Прячется прямо за обычным выключателем.,relays-actuators,Реле и модули,embedded-dimmers,Встраиваемые диммеры,17900,4.9,60,RF 2.4G Mesh,Диммирование,Sunricher 2.4G Ecosystem,Невидимый интеллект,Превращает вашу любимую классическую фурнитуру в умную.
Sunricher SR-SB9101SAC-HP,sunricher-sr-sb9101sac-hp,Sunricher,b2b,Professional · 2.4G Mesh,Встраиваемый микродиммер,Компактный модуль для диммирования классических ламп накаливания и LED. Прячется прямо за обычным выключателем.,relays-actuators,Реле и модули,embedded-dimmers,Встраиваемые диммеры,21600,4.8,102,RF 2.4G Mesh,Диммирование,Sunricher 2.4G Ecosystem,Невидимый интеллект,Превращает вашу любимую классическую фурнитуру в умную.
Sunricher SR-SB9040A-S,sunricher-sr-sb9040a-s,Sunricher,b2b,Professional · 2.4G Mesh,Встраиваемый микродиммер,Компактный модуль для диммирования классических ламп накаливания и LED. Прячется прямо за обычным выключателем.,relays-actuators,Реле и модули,embedded-dimmers,Встраиваемые диммеры,21600,4.7,87,RF 2.4G Mesh,Диммирование,Sunricher 2.4G Ecosystem,Невидимый интеллект,Превращает вашу любимую классическую фурнитуру в умную.
Sunricher Bypass Module,sunricher-bypass-module,Sunricher,b2b,Professional · 2.4G Mesh,Встраиваемый микродиммер,Компактный модуль для диммирования классических ламп накаливания и LED. Прячется прямо за обычным выключателем.,relays-actuators,Реле и модули,embedded-dimmers,Встраиваемые диммеры,2900,4.7,61,RF 2.4G Mesh,Диммирование,Sunricher 2.4G Ecosystem,Невидимый интеллект,Превращает вашу любимую классическую фурнитуру в умную.
Sunricher SR-SB9101SAC-HP-SWITCH,sunricher-sr-sb9101sac-hp-switch,Sunricher,b2b,Professional · 2.4G Mesh,Контроллер умного освещения,Компактный релейный или ШИМ-модуль для управления источниками света. Обеспечивает плавное диммирование в экосистеме Sunricher 2.4G Mesh.,relays-actuators,Реле и модули,embedded-dimmers,Встраиваемые диммеры,21600,4.6,31,RF 2.4G Mesh,Коммутация,Sunricher 2.4G Ecosystem,Высокая надежность,Встроенная защита от перегрузки и перегрева с автоматическим восстановлением.
Sunricher SR-SB9100A-S,sunricher-sr-sb9100a-s,Sunricher,b2b,Professional · 2.4G Mesh,Контроллер умного освещения,Компактный релейный или ШИМ-модуль для управления источниками света. Обеспечивает плавное диммирование в экосистеме Sunricher 2.4G Mesh.,relays-actuators,Реле и модули,embedded-dimmers,Встраиваемые диммеры,20000,4.7,52,RF 2.4G Mesh,Коммутация,Sunricher 2.4G Ecosystem,Высокая надежность,Встроенная защита от перегрузки и перегрева с автоматическим восстановлением.
Sunricher SR-MC-DIN,sunricher-sr-mc-din,Sunricher,b2b,Professional · 2.4G Mesh,Встраиваемый микродиммер,Компактный модуль для диммирования классических ламп накаливания и LED. Прячется прямо за обычным выключателем.,relays-actuators,Реле и модули,embedded-dimmers,Встраиваемые диммеры,300,4.6,116,RF 2.4G Mesh,Диммирование · Коммутация,Sunricher 2.4G Ecosystem,Невидимый интеллект,Превращает вашу любимую классическую фурнитуру в умную.
Sunricher SR-Mini-D,sunricher-sr-mini-d,Sunricher,b2b,Professional · 2.4G Mesh,Встраиваемый микродиммер,Компактный модуль для диммирования классических ламп накаливания и LED. Прячется прямо за обычным выключателем.,relays-actuators,Реле и модули,embedded-dimmers,Встраиваемые диммеры,300,4.8,96,RF 2.4G Mesh,Диммирование · Коммутация,Sunricher 2.4G Ecosystem,Невидимый интеллект,Превращает вашу любимую классическую фурнитуру в умную.
Sunricher SR-Mini-C,sunricher-sr-mini-c,Sunricher,b2b,Professional · 2.4G Mesh,Встраиваемый микродиммер,Компактный модуль для диммирования классических ламп накаливания и LED. Прячется прямо за обычным выключателем.,relays-actuators,Реле и модули,embedded-dimmers,Встраиваемые диммеры,400,4.8,102,RF 2.4G Mesh,Диммирование · Коммутация,Sunricher 2.4G Ecosystem,Невидимый интеллект,Превращает вашу любимую классическую фурнитуру в умную.
Sunricher SRSL-01,sunricher-srsl-01,Sunricher,b2b,Professional · 2.4G Mesh,Встраиваемый микродиммер,Компактный модуль для диммирования классических ламп накаливания и LED. Прячется прямо за обычным выключателем.,relays-actuators,Реле и модули,embedded-dimmers,Встраиваемые диммеры,2900,5.0,21,RF 2.4G Mesh,Диммирование,Sunricher 2.4G Ecosystem,Невидимый интеллект,Превращает вашу любимую классическую фурнитуру в умную.
Sunricher SR-SB2835RAC-NK4,sunricher-sr-sb2835rac-nk4,Sunricher,b2b,Professional · 2.4G Mesh,Беспроводная панель управления,"Стильный пульт-выключатель. Управляйте зонами света, цветом и сценариями без проводов и необходимости штробить стены.",control,Управление,wireless-buttons,Беспроводные выключатели,22800,4.7,96,RF 2.4G Mesh,Диммирование,Sunricher 2.4G Ecosystem,Свобода размещения,Крепится на любую стену с помощью 3M скотча или магнита.
Sunricher SR-SB2835RAC-S,sunricher-sr-sb2835rac-s,Sunricher,b2b,Professional · 2.4G Mesh,Беспроводная панель управления,"Стильный пульт-выключатель. Управляйте зонами света, цветом и сценариями без проводов и необходимости штробить стены.",control,Управление,wireless-buttons,Беспроводные выключатели,22800,4.8,49,RF 2.4G Mesh,Диммирование,Sunricher 2.4G Ecosystem,Свобода размещения,Крепится на любую стену с помощью 3M скотча или магнита.
Sunricher SR-SB9080A,sunricher-sr-sb9080a,Sunricher,b2b,Professional · 2.4G Mesh,Контроллер умного освещения,Компактный релейный или ШИМ-модуль для управления источниками света. Обеспечивает плавное диммирование в экосистеме Sunricher 2.4G Mesh.,relays-actuators,Реле и модули,pwm-controllers,ШИМ контроллеры,19400,4.6,32,RF 2.4G Mesh,Коммутация,Sunricher 2.4G Ecosystem,Высокая надежность,Встроенная защита от перегрузки и перегрева с автоматическим восстановлением.
Sunricher SR-2411-SB,sunricher-sr-2411-sb,Sunricher,b2b,Professional · 2.4G Mesh,Конвертер протоколов DALI / 0-10V,Модуль интеграции для связи беспроводной сети 2.4G Mesh с профессиональным проводным освещением стандартов DALI или 0-10V.,gateways-protocols,Протоколы и Шлюзы,wireless-gateways,Шлюзы и конвертеры,28800,4.6,40,RF 2.4G Mesh · DALI,Диммирование · CCT контроль · RGB контроль,Sunricher 2.4G Ecosystem,Бесшовная интеграция,Объединяет коммерческие стандарты света с удобным беспроводным управлением.
Sunricher SR-2421-SB,sunricher-sr-2421-sb,Sunricher,b2b,Professional · 2.4G Mesh,Конвертер протоколов DALI / 0-10V,Модуль интеграции для связи беспроводной сети 2.4G Mesh с профессиональным проводным освещением стандартов DALI или 0-10V.,gateways-protocols,Протоколы и Шлюзы,wireless-gateways,Шлюзы и конвертеры,28800,4.6,50,RF 2.4G Mesh · DALI · 0-10V,Диммирование · CCT контроль · RGB контроль · Коммутация,Sunricher 2.4G Ecosystem,Бесшовная интеграция,Объединяет коммерческие стандарты света с удобным беспроводным управлением.
Sunricher SR-GW-HDA,sunricher-sr-gw-hda,Sunricher,b2b,Professional · 2.4G Mesh,Конвертер протоколов DALI / 0-10V,Модуль интеграции для связи беспроводной сети 2.4G Mesh с профессиональным проводным освещением стандартов DALI или 0-10V.,gateways-protocols,Протоколы и Шлюзы,wireless-gateways,Шлюзы и конвертеры,48400,4.8,71,RF 2.4G Mesh · Bluetooth · DALI,RGB контроль,Sunricher 2.4G Ecosystem · Homeelife App,Бесшовная интеграция,Объединяет коммерческие стандарты света с удобным беспроводным управлением.
Sunricher SR-SB2836D5N,sunricher-sr-sb2836d5n,Sunricher,b2b,Professional · 2.4G Mesh,Беспроводная панель управления,"Стильный пульт-выключатель. Управляйте зонами света, цветом и сценариями без проводов и необходимости штробить стены.",control,Управление,wireless-buttons,Беспроводные выключатели,23800,4.8,28,RF 2.4G Mesh,CCT контроль,Sunricher 2.4G Ecosystem,Свобода размещения,Крепится на любую стену с помощью 3M скотча или магнита.
Sunricher SR-SB2837-LCD,sunricher-sr-sb2837-lcd,Sunricher,b2b,Professional · 2.4G Mesh,Беспроводная панель управления,"Стильный пульт-выключатель. Управляйте зонами света, цветом и сценариями без проводов и необходимости штробить стены.",control,Управление,wireless-buttons,Беспроводные выключатели,37400,5.0,108,RF 2.4G Mesh,CCT контроль,Sunricher 2.4G Ecosystem,Свобода размещения,Крепится на любую стену с помощью 3M скотча или магнита.
Sunricher SR-SB9001T-Pro,sunricher-sr-sb9001t-pro,Sunricher,b2b,Professional · 2.4G Mesh,Беспроводная панель управления,"Стильный пульт-выключатель. Управляйте зонами света, цветом и сценариями без проводов и необходимости штробить стены.",control,Управление,wireless-buttons,Беспроводные выключатели,56400,4.9,45,RF 2.4G Mesh,CCT контроль,Sunricher 2.4G Ecosystem,Свобода размещения,Крепится на любую стену с помощью 3M скотча или магнита.
Sunricher SR-SB2833PAC-FOS,sunricher-sr-sb2833pac-fos,Sunricher,b2b,Professional · 2.4G Mesh,Беспроводная панель управления,"Стильный пульт-выключатель. Управляйте зонами света, цветом и сценариями без проводов и необходимости штробить стены.",control,Управление,wireless-buttons,Беспроводные выключатели,12000,4.7,119,RF 2.4G Mesh · Bluetooth,Коммутация,Sunricher 2.4G Ecosystem · Homeelife App,Свобода размещения,Крепится на любую стену с помощью 3M скотча или магнита.
Sunricher SR-SB9002KR12-Pro,sunricher-sr-sb9002kr12-pro,Sunricher,b2b,Professional · 2.4G Mesh,Беспроводная панель управления,"Стильный пульт-выключатель. Управляйте зонами света, цветом и сценариями без проводов и необходимости штробить стены.",control,Управление,wireless-buttons,Беспроводные выключатели,18000,4.9,31,RF 2.4G Mesh · Bluetooth,CCT контроль · RGB контроль,Sunricher 2.4G Ecosystem · Homeelife App,Свобода размещения,Крепится на любую стену с помощью 3M скотча или магнита.
Sunricher SR-SB2836D5,sunricher-sr-sb2836d5,Sunricher,b2b,Professional · 2.4G Mesh,Беспроводная панель управления,"Стильный пульт-выключатель. Управляйте зонами света, цветом и сценариями без проводов и необходимости штробить стены.",control,Управление,wireless-buttons,Беспроводные выключатели,25900,4.6,29,RF 2.4G Mesh,CCT контроль · RGB контроль,Sunricher 2.4G Ecosystem,Свобода размещения,Крепится на любую стену с помощью 3M скотча или магнита.
Sunricher SR-SB2836D5-Pro-EU,sunricher-sr-sb2836d5-pro-eu,Sunricher,b2b,Professional · 2.4G Mesh,Беспроводная панель управления,"Стильный пульт-выключатель. Управляйте зонами света, цветом и сценариями без проводов и необходимости штробить стены.",control,Управление,wireless-buttons,Беспроводные выключатели,19100,4.7,105,RF 2.4G Mesh · Bluetooth,CCT контроль · RGB контроль,Sunricher 2.4G Ecosystem · Homeelife App,Свобода размещения,Крепится на любую стену с помощью 3M скотча или магнита.
Sunricher SR-SB2836D5-Pro-US,sunricher-sr-sb2836d5-pro-us,Sunricher,b2b,Professional · 2.4G Mesh,Беспроводная панель управления,"Стильный пульт-выключатель. Управляйте зонами света, цветом и сценариями без проводов и необходимости штробить стены.",control,Управление,wireless-buttons,Беспроводные выключатели,19100,4.8,46,RF 2.4G Mesh · Bluetooth,CCT контроль · RGB контроль,Sunricher 2.4G Ecosystem · Homeelife App,Свобода размещения,Крепится на любую стену с помощью 3M скотча или магнита.
Sunricher SR-SB2836D5-Pro,sunricher-sr-sb2836d5-pro,Sunricher,b2b,Professional · 2.4G Mesh,Беспроводная панель управления,"Стильный пульт-выключатель. Управляйте зонами света, цветом и сценариями без проводов и необходимости штробить стены.",control,Управление,wireless-buttons,Беспроводные выключатели,28600,4.8,60,RF 2.4G Mesh · Bluetooth,CCT контроль · RGB контроль,Sunricher 2.4G Ecosystem · Homeelife App,Свобода размещения,Крепится на любую стену с помощью 3M скотча или магнита.
Sunricher SR-SB2835,sunricher-sr-sb2835,Sunricher,b2b,Professional · 2.4G Mesh,Беспроводная панель управления,"Стильный пульт-выключатель. Управляйте зонами света, цветом и сценариями без проводов и необходимости штробить стены.",control,Управление,wireless-buttons,Беспроводные выключатели,11800,4.8,70,RF 2.4G Mesh,Диммирование · CCT контроль · RGB контроль,Sunricher 2.4G Ecosystem,Свобода размещения,Крепится на любую стену с помощью 3M скотча или магнита.
Sunricher SR-SB9001K2-DIM2,sunricher-sr-sb9001k2-dim2,Sunricher,b2b,Professional · 2.4G Mesh,Беспроводная панель управления,"Стильный пульт-выключатель. Управляйте зонами света, цветом и сценариями без проводов и необходимости штробить стены.",control,Управление,wireless-buttons,Беспроводные выключатели,20700,4.6,99,RF 2.4G Mesh,Управление освещением,Sunricher 2.4G Ecosystem,Свобода размещения,Крепится на любую стену с помощью 3M скотча или магнита.
Sunricher SR-SB9001K4-DIM2,sunricher-sr-sb9001k4-dim2,Sunricher,b2b,Professional · 2.4G Mesh,Беспроводная панель управления,"Стильный пульт-выключатель. Управляйте зонами света, цветом и сценариями без проводов и необходимости штробить стены.",control,Управление,wireless-buttons,Беспроводные выключатели,20700,4.6,44,RF 2.4G Mesh,Управление освещением,Sunricher 2.4G Ecosystem,Свобода размещения,Крепится на любую стену с помощью 3M скотча или магнита.
Sunricher SR-SB2801K2-DIM-E,sunricher-sr-sb2801k2-dim-e,Sunricher,b2b,Professional · 2.4G Mesh,Беспроводная панель управления,"Стильный пульт-выключатель. Управляйте зонами света, цветом и сценариями без проводов и необходимости штробить стены.",control,Управление,wireless-buttons,Беспроводные выключатели,11800,4.9,35,RF 2.4G Mesh,Управление освещением,Sunricher 2.4G Ecosystem,Свобода размещения,Крепится на любую стену с помощью 3M скотча или магнита.
Sunricher SR-SB2801K4-DIM-G2-E,sunricher-sr-sb2801k4-dim-g2-e,Sunricher,b2b,Professional · 2.4G Mesh,Беспроводная панель управления,"Стильный пульт-выключатель. Управляйте зонами света, цветом и сценариями без проводов и необходимости штробить стены.",control,Управление,wireless-buttons,Беспроводные выключатели,11800,4.7,108,RF 2.4G Mesh,Управление освещением,Sunricher 2.4G Ecosystem,Свобода размещения,Крепится на любую стену с помощью 3M скотча или магнита.
Sunricher SR-SB2801K4-FOS-E,sunricher-sr-sb2801k4-fos-e,Sunricher,b2b,Professional · 2.4G Mesh,Беспроводная панель управления,"Стильный пульт-выключатель. Управляйте зонами света, цветом и сценариями без проводов и необходимости штробить стены.",control,Управление,wireless-buttons,Беспроводные выключатели,11800,4.9,58,RF 2.4G Mesh · Bluetooth,Управление освещением,Sunricher 2.4G Ecosystem · Homeelife App,Свобода размещения,Крепится на любую стену с помощью 3M скотча или магнита.
Sunricher SR-SB9001K12-DIM-Z4,sunricher-sr-sb9001k12-dim-z4,Sunricher,b2b,Professional · 2.4G Mesh,Беспроводная панель управления,"Стильный пульт-выключатель. Управляйте зонами света, цветом и сценариями без проводов и необходимости штробить стены.",control,Управление,wireless-buttons,Беспроводные выключатели,11800,4.6,61,RF 2.4G Mesh,Управление освещением,Sunricher 2.4G Ecosystem,Свобода размещения,Крепится на любую стену с помощью 3M скотча или магнита.
Sunricher SR-SB2803-G4-CCT,sunricher-sr-sb2803-g4-cct,Sunricher,b2b,Professional · 2.4G Mesh,Беспроводная панель управления,"Стильный пульт-выключатель. Управляйте зонами света, цветом и сценариями без проводов и необходимости штробить стены.",control,Управление,wireless-buttons,Беспроводные выключатели,11800,4.8,44,RF 2.4G Mesh,CCT контроль,Sunricher 2.4G Ecosystem,Свобода размещения,Крепится на любую стену с помощью 3M скотча или магнита.
Sunricher SR-SB2803-G4-RGBW,sunricher-sr-sb2803-g4-rgbw,Sunricher,b2b,Professional · 2.4G Mesh,Беспроводная панель управления,"Стильный пульт-выключатель. Управляйте зонами света, цветом и сценариями без проводов и необходимости штробить стены.",control,Управление,wireless-buttons,Беспроводные выключатели,11800,4.8,61,RF 2.4G Mesh,RGB контроль,Sunricher 2.4G Ecosystem,Свобода размещения,Крепится на любую стену с помощью 3M скотча или магнита.
Sunricher SR-SB2803-G4-5C,sunricher-sr-sb2803-g4-5c,Sunricher,b2b,Professional · 2.4G Mesh,Беспроводная панель управления,"Стильный пульт-выключатель. Управляйте зонами света, цветом и сценариями без проводов и необходимости штробить стены.",control,Управление,wireless-buttons,Беспроводные выключатели,11800,4.7,92,RF 2.4G Mesh,CCT контроль · RGB контроль,Sunricher 2.4G Ecosystem,Свобода размещения,Крепится на любую стену с помощью 3M скотча или магнита.
Sunricher SR-SB2868K7-DIM,sunricher-sr-sb2868k7-dim,Sunricher,b2b,Professional · 2.4G Mesh,Беспроводная панель управления,"Стильный пульт-выключатель. Управляйте зонами света, цветом и сценариями без проводов и необходимости штробить стены.",control,Управление,wireless-buttons,Беспроводные выключатели,8800,5.0,114,RF 2.4G Mesh,Управление освещением,Sunricher 2.4G Ecosystem,Свобода размещения,Крепится на любую стену с помощью 3M скотча или магнита.
Sunricher SR-SB2868K7-CCT,sunricher-sr-sb2868k7-cct,Sunricher,b2b,Professional · 2.4G Mesh,Беспроводная панель управления,"Стильный пульт-выключатель. Управляйте зонами света, цветом и сценариями без проводов и необходимости штробить стены.",control,Управление,wireless-buttons,Беспроводные выключатели,8800,4.6,102,RF 2.4G Mesh,CCT контроль,Sunricher 2.4G Ecosystem,Свобода размещения,Крепится на любую стену с помощью 3M скотча или магнита.
Sunricher SR-SB2868K7-5C,sunricher-sr-sb2868k7-5c,Sunricher,b2b,Professional · 2.4G Mesh,Беспроводная панель управления,"Стильный пульт-выключатель. Управляйте зонами света, цветом и сценариями без проводов и необходимости штробить стены.",control,Управление,wireless-buttons,Беспроводные выключатели,8800,4.7,94,RF 2.4G Mesh,CCT контроль · RGB контроль,Sunricher 2.4G Ecosystem,Свобода размещения,Крепится на любую стену с помощью 3M скотча или магнита.
Sunricher SR-SB2868K12-DIM,sunricher-sr-sb2868k12-dim,Sunricher,b2b,Professional · 2.4G Mesh,Беспроводная панель управления,"Стильный пульт-выключатель. Управляйте зонами света, цветом и сценариями без проводов и необходимости штробить стены.",control,Управление,wireless-buttons,Беспроводные выключатели,8800,5.0,33,RF 2.4G Mesh,Управление освещением,Sunricher 2.4G Ecosystem,Свобода размещения,Крепится на любую стену с помощью 3M скотча или магнита.
Sunricher SR-SB2868K12-CCT,sunricher-sr-sb2868k12-cct,Sunricher,b2b,Professional · 2.4G Mesh,Беспроводная панель управления,"Стильный пульт-выключатель. Управляйте зонами света, цветом и сценариями без проводов и необходимости штробить стены.",control,Управление,wireless-buttons,Беспроводные выключатели,8800,4.9,82,RF 2.4G Mesh,CCT контроль,Sunricher 2.4G Ecosystem,Свобода размещения,Крепится на любую стену с помощью 3M скотча или магнита.
Sunricher SR-SB2868K12-5C,sunricher-sr-sb2868k12-5c,Sunricher,b2b,Professional · 2.4G Mesh,Беспроводная панель управления,"Стильный пульт-выключатель. Управляйте зонами света, цветом и сценариями без проводов и необходимости штробить стены.",control,Управление,wireless-buttons,Беспроводные выключатели,8800,4.8,31,RF 2.4G Mesh,CCT контроль · RGB контроль,Sunricher 2.4G Ecosystem,Свобода размещения,Крепится на любую стену с помощью 3M скотча или магнита.
Sunricher SR-SB2868EK7-DIM,sunricher-sr-sb2868ek7-dim,Sunricher,b2b,Professional · 2.4G Mesh,Беспроводная панель управления,"Стильный пульт-выключатель. Управляйте зонами света, цветом и сценариями без проводов и необходимости штробить стены.",control,Управление,wireless-buttons,Беспроводные выключатели,8300,4.7,115,RF 2.4G Mesh,Управление освещением,Sunricher 2.4G Ecosystem,Свобода размещения,Крепится на любую стену с помощью 3M скотча или магнита.
Sunricher SR-SB2868EK7-CCT,sunricher-sr-sb2868ek7-cct,Sunricher,b2b,Professional · 2.4G Mesh,Беспроводная панель управления,"Стильный пульт-выключатель. Управляйте зонами света, цветом и сценариями без проводов и необходимости штробить стены.",control,Управление,wireless-buttons,Беспроводные выключатели,8300,4.7,16,RF 2.4G Mesh,CCT контроль,Sunricher 2.4G Ecosystem,Свобода размещения,Крепится на любую стену с помощью 3M скотча или магнита.
Sunricher SR-SB2868EK7-5C,sunricher-sr-sb2868ek7-5c,Sunricher,b2b,Professional · 2.4G Mesh,Беспроводная панель управления,"Стильный пульт-выключатель. Управляйте зонами света, цветом и сценариями без проводов и необходимости штробить стены.",control,Управление,wireless-buttons,Беспроводные выключатели,8300,4.6,47,RF 2.4G Mesh,CCT контроль · RGB контроль,Sunricher 2.4G Ecosystem,Свобода размещения,Крепится на любую стену с помощью 3M скотча или магнита.
Sunricher SR-SB2807,sunricher-sr-sb2807,Sunricher,b2b,Professional · 2.4G Mesh,Беспроводная панель управления,"Стильный пульт-выключатель. Управляйте зонами света, цветом и сценариями без проводов и необходимости штробить стены.",control,Управление,wireless-buttons,Беспроводные выключатели,6800,4.9,92,RF 2.4G Mesh,Диммирование · CCT контроль,Sunricher 2.4G Ecosystem,Свобода размещения,Крепится на любую стену с помощью 3M скотча или магнита.
Sunricher SR-SB2858A,sunricher-sr-sb2858a,Sunricher,b2b,Professional · 2.4G Mesh,Беспроводная панель управления,"Стильный пульт-выключатель. Управляйте зонами света, цветом и сценариями без проводов и необходимости штробить стены.",control,Управление,wireless-buttons,Беспроводные выключатели,11500,4.8,99,RF 2.4G Mesh,Диммирование · CCT контроль · RGB контроль,Sunricher 2.4G Ecosystem,Свобода размещения,Крепится на любую стену с помощью 3M скотча или магнита.
Sunricher SR-SB2858,sunricher-sr-sb2858,Sunricher,b2b,Professional · 2.4G Mesh,Беспроводная панель управления,"Стильный пульт-выключатель. Управляйте зонами света, цветом и сценариями без проводов и необходимости штробить стены.",control,Управление,wireless-buttons,Беспроводные выключатели,11500,4.8,23,RF 2.4G Mesh,Диммирование · CCT контроль · RGB контроль,Sunricher 2.4G Ecosystem,Свобода размещения,Крепится на любую стену с помощью 3M скотча или магнита.
Sunricher SR-SB2819S,sunricher-sr-sb2819s,Sunricher,b2b,Professional · 2.4G Mesh,Беспроводная панель управления,"Стильный пульт-выключатель. Управляйте зонами света, цветом и сценариями без проводов и необходимости штробить стены.",control,Управление,wireless-buttons,Беспроводные выключатели,21900,5.0,53,RF 2.4G Mesh · Bluetooth,RGB контроль,Sunricher 2.4G Ecosystem,Свобода размещения,Крепится на любую стену с помощью 3M скотча или магнита.
Sunricher SR-SB2819S-CCT,sunricher-sr-sb2819s-cct,Sunricher,b2b,Professional · 2.4G Mesh,Беспроводная панель управления,"Стильный пульт-выключатель. Управляйте зонами света, цветом и сценариями без проводов и необходимости штробить стены.",control,Управление,wireless-buttons,Беспроводные выключатели,21900,4.7,42,RF 2.4G Mesh · Bluetooth,CCT контроль,Sunricher 2.4G Ecosystem,Свобода размещения,Крепится на любую стену с помощью 3M скотча или магнита.
Sunricher SR-SB2819S-DIM,sunricher-sr-sb2819s-dim,Sunricher,b2b,Professional · 2.4G Mesh,Беспроводная панель управления,"Стильный пульт-выключатель. Управляйте зонами света, цветом и сценариями без проводов и необходимости штробить стены.",control,Управление,wireless-buttons,Беспроводные выключатели,21900,4.9,114,RF 2.4G Mesh · Bluetooth,Управление освещением,Sunricher 2.4G Ecosystem,Свобода размещения,Крепится на любую стену с помощью 3M скотча или магнита.
Sunricher SR-SBP2801KS,sunricher-sr-sbp2801ks,Sunricher,b2b,Professional · 2.4G Mesh,Кинетический беспроводной выключатель,"Инновационный выключатель, которому не нужны батарейки. Вырабатывает энергию от самого нажатия клавиши.",control,Управление,wireless-buttons,Беспроводные выключатели,15200,4.9,90,RF 2.4G Mesh · Bluetooth,Диммирование · CCT контроль,Sunricher 2.4G Ecosystem · Homeelife App,Вечная работа,"Работает без батареек, нулевые затраты на обслуживание."
Sunricher SR-SBP2801K2-DIM,sunricher-sr-sbp2801k2-dim,Sunricher,b2b,Professional · 2.4G Mesh,Кинетический беспроводной выключатель,"Инновационный выключатель, которому не нужны батарейки. Вырабатывает энергию от самого нажатия клавиши.",control,Управление,wireless-buttons,Беспроводные выключатели,15200,5.0,65,RF 2.4G Mesh,Управление освещением,Sunricher 2.4G Ecosystem,Вечная работа,"Работает без батареек, нулевые затраты на обслуживание."
Sunricher SR-SBP2801K4-DIM-G2,sunricher-sr-sbp2801k4-dim-g2,Sunricher,b2b,Professional · 2.4G Mesh,Кинетический беспроводной выключатель,"Инновационный выключатель, которому не нужны батарейки. Вырабатывает энергию от самого нажатия клавиши.",control,Управление,wireless-buttons,Беспроводные выключатели,15200,4.6,115,RF 2.4G Mesh,Управление освещением,Sunricher 2.4G Ecosystem,Вечная работа,"Работает без батареек, нулевые затраты на обслуживание."
Sunricher SR-SBP2801K4-FOS,sunricher-sr-sbp2801k4-fos,Sunricher,b2b,Professional · 2.4G Mesh,Кинетический беспроводной выключатель,"Инновационный выключатель, которому не нужны батарейки. Вырабатывает энергию от самого нажатия клавиши.",control,Управление,wireless-buttons,Беспроводные выключатели,15200,4.6,92,RF 2.4G Mesh · Bluetooth,Диммирование · CCT контроль,Sunricher 2.4G Ecosystem · Homeelife App,Вечная работа,"Работает без батареек, нулевые затраты на обслуживание."
Sunricher SR-SB9011A-DS,sunricher-sr-sb9011a-ds,Sunricher,b2b,Professional · 2.4G Mesh,Беспроводной датчик открытия,Компактный геркон для дверей и окон. Автоматически включает свет при входе в комнату или открытии шкафа.,security,Безопасность,sensors,Датчики умного дома,9000,4.7,104,RF 2.4G Mesh · Bluetooth,Мониторинг,Sunricher 2.4G Ecosystem · Homeelife App,Сценарии комфорта,Идеален для создания автоматического проходного освещения без выключателей.
Sunricher SR-SB9011B-DS,sunricher-sr-sb9011b-ds,Sunricher,b2b,Professional · 2.4G Mesh,Беспроводной датчик открытия,Компактный геркон для дверей и окон. Автоматически включает свет при входе в комнату или открытии шкафа.,security,Безопасность,sensors,Датчики умного дома,9000,4.7,76,RF 2.4G Mesh,Мониторинг,Sunricher 2.4G Ecosystem,Сценарии комфорта,Идеален для создания автоматического проходного освещения без выключателей.
Sunricher SR-SB9030A-PIR-V,sunricher-sr-sb9030a-pir-v,Sunricher,b2b,Professional · 2.4G Mesh,Датчик движения и освещенности,"Мультисенсор для потолочного или накладного монтажа. Анализирует уровень света и присутствие, экономя электроэнергию.",security,Безопасность,sensors,Датчики умного дома,15700,4.9,109,RF 2.4G Mesh · Bluetooth · 0-10V,Мониторинг,Sunricher 2.4G Ecosystem · Homeelife App,Умная экономия,"Свет включается только тогда, когда это действительно нужно."
Sunricher SR-SB9030A-MW,sunricher-sr-sb9030a-mw,Sunricher,b2b,Professional · 2.4G Mesh,Датчик движения и освещенности,"Мультисенсор для потолочного или накладного монтажа. Анализирует уровень света и присутствие, экономя электроэнергию.",security,Безопасность,sensors,Датчики умного дома,15700,4.8,28,RF 2.4G Mesh · Bluetooth · 0-10V,Мониторинг,Sunricher 2.4G Ecosystem · Homeelife App,Умная экономия,"Свет включается только тогда, когда это действительно нужно."
Sunricher SR-SB9035A-PIR-V,sunricher-sr-sb9035a-pir-v,Sunricher,b2b,Professional · 2.4G Mesh,Датчик движения и освещенности,"Мультисенсор для потолочного или накладного монтажа. Анализирует уровень света и присутствие, экономя электроэнергию.",security,Безопасность,sensors,Датчики умного дома,15100,4.6,82,RF 2.4G Mesh · Bluetooth · 0-10V,Мониторинг,Sunricher 2.4G Ecosystem · Homeelife App,Умная экономия,"Свет включается только тогда, когда это действительно нужно."
Sunricher SR-SB9050A,sunricher-sr-sb9050a,Sunricher,b2b,Professional · 2.4G Mesh,Датчик протечки воды,"Беспроводной датчик протечки. Мгновенно реагирует на воду, отправляя уведомление на смартфон и запуская защитные сценарии.",security,Безопасность,sensors,Датчики умного дома,11800,4.8,44,RF 2.4G Mesh,Мониторинг,Sunricher 2.4G Ecosystem,Локальная сирена,Встроенный зуммер и LED-индикатор для моментального локального оповещения.
Sunricher SRP-SB9105N-12CC100-700,sunricher-srp-sb9105n-12cc100-700,Sunricher,b2b,Professional · 2.4G Mesh,Профессиональный LED драйвер,Диммируемый блок питания со стабилизацией тока. Гарантирует отсутствие мерцания (Flicker Free) и долгий срок службы премиальных светильников.,bus-systems,Шинные системы,led-drivers,Умные LED драйверы,8600,4.8,119,RF 2.4G Mesh · NFC,Диммирование,Sunricher 2.4G Ecosystem,Точная конфигурация,Беспроводная установка выходного тока прямо со смартфона по NFC.
Sunricher SRP-SB9105N-12CCT100-700,sunricher-srp-sb9105n-12cct100-700,Sunricher,b2b,Professional · 2.4G Mesh,Профессиональный LED драйвер,Диммируемый блок питания со стабилизацией тока. Гарантирует отсутствие мерцания (Flicker Free) и долгий срок службы премиальных светильников.,bus-systems,Шинные системы,led-drivers,Умные LED драйверы,8700,4.8,109,RF 2.4G Mesh · NFC,Диммирование,Sunricher 2.4G Ecosystem,Точная конфигурация,Беспроводная установка выходного тока прямо со смартфона по NFC.
Sunricher SRP-SB9105N-15CC100-700,sunricher-srp-sb9105n-15cc100-700,Sunricher,b2b,Professional · 2.4G Mesh,Профессиональный LED драйвер,Диммируемый блок питания со стабилизацией тока. Гарантирует отсутствие мерцания (Flicker Free) и долгий срок службы премиальных светильников.,bus-systems,Шинные системы,led-drivers,Умные LED драйверы,9100,4.9,96,RF 2.4G Mesh · NFC,Диммирование,Sunricher 2.4G Ecosystem,Точная конфигурация,Беспроводная установка выходного тока прямо со смартфона по NFC.
Sunricher SRP-SB9105N-15CCT100-700,sunricher-srp-sb9105n-15cct100-700,Sunricher,b2b,Professional · 2.4G Mesh,Профессиональный LED драйвер,Диммируемый блок питания со стабилизацией тока. Гарантирует отсутствие мерцания (Flicker Free) и долгий срок службы премиальных светильников.,bus-systems,Шинные системы,led-drivers,Умные LED драйверы,9100,4.7,88,RF 2.4G Mesh · NFC,Диммирование,Sunricher 2.4G Ecosystem,Точная конфигурация,Беспроводная установка выходного тока прямо со смартфона по NFC.
Sunricher SRP-SB9105N-25CC250-700,sunricher-srp-sb9105n-25cc250-700,Sunricher,b2b,Professional · 2.4G Mesh,Профессиональный LED драйвер,Диммируемый блок питания со стабилизацией тока. Гарантирует отсутствие мерцания (Flicker Free) и долгий срок службы премиальных светильников.,bus-systems,Шинные системы,led-drivers,Умные LED драйверы,9500,4.7,105,RF 2.4G Mesh · NFC,Диммирование,Sunricher 2.4G Ecosystem,Точная конфигурация,Беспроводная установка выходного тока прямо со смартфона по NFC.
Sunricher SRP-SB9105N-25CCT250-700,sunricher-srp-sb9105n-25cct250-700,Sunricher,b2b,Professional · 2.4G Mesh,Профессиональный LED драйвер,Диммируемый блок питания со стабилизацией тока. Гарантирует отсутствие мерцания (Flicker Free) и долгий срок службы премиальных светильников.,bus-systems,Шинные системы,led-drivers,Умные LED драйверы,10100,4.7,74,RF 2.4G Mesh · NFC,Диммирование,Sunricher 2.4G Ecosystem,Точная конфигурация,Беспроводная установка выходного тока прямо со смартфона по NFC.
Sunricher SRP-SB9105N-45CC500-1400,sunricher-srp-sb9105n-45cc500-1400,Sunricher,b2b,Professional · 2.4G Mesh,Профессиональный LED драйвер,Диммируемый блок питания со стабилизацией тока. Гарантирует отсутствие мерцания (Flicker Free) и долгий срок службы премиальных светильников.,bus-systems,Шинные системы,led-drivers,Умные LED драйверы,12300,5.0,45,RF 2.4G Mesh · NFC,Диммирование,Sunricher 2.4G Ecosystem,Точная конфигурация,Беспроводная установка выходного тока прямо со смартфона по NFC.
Sunricher SRP-SB9105N-45CCT500-1400,sunricher-srp-sb9105n-45cct500-1400,Sunricher,b2b,Professional · 2.4G Mesh,Профессиональный LED драйвер,Диммируемый блок питания со стабилизацией тока. Гарантирует отсутствие мерцания (Flicker Free) и долгий срок службы премиальных светильников.,bus-systems,Шинные системы,led-drivers,Умные LED драйверы,12800,4.6,39,RF 2.4G Mesh · NFC,Диммирование,Sunricher 2.4G Ecosystem,Точная конфигурация,Беспроводная установка выходного тока прямо со смартфона по NFC.
Sunricher SRP-SB9105-24-150LCVF,sunricher-srp-sb9105-24-150lcvf,Sunricher,b2b,Professional · 2.4G Mesh,Профессиональный LED драйвер,Диммируемый блок питания со стабилизацией тока. Гарантирует отсутствие мерцания (Flicker Free) и долгий срок службы премиальных светильников.,bus-systems,Шинные системы,led-drivers,Умные LED драйверы,36600,4.7,93,RF 2.4G Mesh,Диммирование,Sunricher 2.4G Ecosystem,Точная конфигурация,Беспроводная установка выходного тока прямо со смартфона по NFC.
Sunricher SR-3001,sunricher-sr-3001,Sunricher,b2b,Professional · 2.4G Mesh,Усилитель мощности или аксессуар,Обеспечивает стабильную и правильную работу основных контроллеров. Усилители позволяют подключать длинные участки ленты к одному сигналу.,relays-actuators,Реле и модули,amplifiers,Аксессуары и усилители,13400,4.9,35,RF 2.4G Mesh,Управление освещением,Sunricher 2.4G Ecosystem,Стабильная работа,Защищает систему от падения напряжения и мерцания.
Sunricher SR-3001NP,sunricher-sr-3001np,Sunricher,b2b,Professional · 2.4G Mesh,Усилитель мощности или аксессуар,Обеспечивает стабильную и правильную работу основных контроллеров. Усилители позволяют подключать длинные участки ленты к одному сигналу.,relays-actuators,Реле и модули,amplifiers,Аксессуары и усилители,13400,4.9,12,RF 2.4G Mesh,Управление освещением,Sunricher 2.4G Ecosystem,Стабильная работа,Защищает систему от падения напряжения и мерцания.
Sunricher SR-3001DIN,sunricher-sr-3001din,Sunricher,b2b,Professional · 2.4G Mesh,Усилитель мощности или аксессуар,Обеспечивает стабильную и правильную работу основных контроллеров. Усилители позволяют подключать длинные участки ленты к одному сигналу.,relays-actuators,Реле и модули,amplifiers,Аксессуары и усилители,13400,4.9,13,RF 2.4G Mesh,Управление освещением,Sunricher 2.4G Ecosystem,Стабильная работа,Защищает систему от падения напряжения и мерцания.
Sunricher SR-3002,sunricher-sr-3002,Sunricher,b2b,Professional · 2.4G Mesh,Усилитель мощности или аксессуар,Обеспечивает стабильную и правильную работу основных контроллеров. Усилители позволяют подключать длинные участки ленты к одному сигналу.,relays-actuators,Реле и модули,amplifiers,Аксессуары и усилители,17900,4.9,31,RF 2.4G Mesh,Управление освещением,Sunricher 2.4G Ecosystem,Стабильная работа,Защищает систему от падения напряжения и мерцания.
Sunricher SR-3002EA-5C,sunricher-sr-3002ea-5c,Sunricher,b2b,Professional · 2.4G Mesh,Универсальный многоканальный LED контроллер,"Мультиформатный модуль для LED лент. Поддерживает режимы DIM, CCT, RGBW и RGB+CCT. Работает в стабильной Mesh-сети.",relays-actuators,Реле и модули,amplifiers,Аксессуары и усилители,18600,4.8,18,RF 2.4G Mesh,Управление освещением,Sunricher 2.4G Ecosystem,Режим 4-в-1,Подстраивается под любой тип светодиодной ленты с помощью встроенных DIP-переключателей.
Sunricher SR-3003,sunricher-sr-3003,Sunricher,b2b,Professional · 2.4G Mesh,Усилитель мощности или аксессуар,Обеспечивает стабильную и правильную работу основных контроллеров. Усилители позволяют подключать длинные участки ленты к одному сигналу.,relays-actuators,Реле и модули,amplifiers,Аксессуары и усилители,14100,4.7,104,RF 2.4G Mesh,Управление освещением,Sunricher 2.4G Ecosystem,Стабильная работа,Защищает систему от падения напряжения и мерцания.
Sunricher SR-3003S,sunricher-sr-3003s,Sunricher,b2b,Professional · 2.4G Mesh,Усилитель мощности или аксессуар,Обеспечивает стабильную и правильную работу основных контроллеров. Усилители позволяют подключать длинные участки ленты к одному сигналу.,relays-actuators,Реле и модули,amplifiers,Аксессуары и усилители,6000,4.6,93,RF 2.4G Mesh,Управление освещением,Sunricher 2.4G Ecosystem,Стабильная работа,Защищает систему от падения напряжения и мерцания.
Sunricher SR-3011,sunricher-sr-3011,Sunricher,b2b,Professional · 2.4G Mesh,Профессиональный LED драйвер,Диммируемый блок питания со стабилизацией тока. Гарантирует отсутствие мерцания (Flicker Free) и долгий срок службы премиальных светильников.,bus-systems,Шинные системы,led-drivers,Умные LED драйверы,17700,5.0,96,RF 2.4G Mesh,Управление освещением,Sunricher 2.4G Ecosystem,Точная конфигурация,Беспроводная установка выходного тока прямо со смартфона по NFC.
Sunricher SR-3011NP,sunricher-sr-3011np,Sunricher,b2b,Professional · 2.4G Mesh,Профессиональный LED драйвер,Диммируемый блок питания со стабилизацией тока. Гарантирует отсутствие мерцания (Flicker Free) и долгий срок службы премиальных светильников.,bus-systems,Шинные системы,led-drivers,Умные LED драйверы,16400,4.6,39,RF 2.4G Mesh,Управление освещением,Sunricher 2.4G Ecosystem,Точная конфигурация,Беспроводная установка выходного тока прямо со смартфона по NFC.
Sunricher SR-3012,sunricher-sr-3012,Sunricher,b2b,Professional · 2.4G Mesh,Профессиональный LED драйвер,Диммируемый блок питания со стабилизацией тока. Гарантирует отсутствие мерцания (Flicker Free) и долгий срок службы премиальных светильников.,bus-systems,Шинные системы,led-drivers,Умные LED драйверы,19200,4.9,25,RF 2.4G Mesh,Управление освещением,Sunricher 2.4G Ecosystem,Точная конфигурация,Беспроводная установка выходного тока прямо со смартфона по NFC.
Sunricher SR-3012NP,sunricher-sr-3012np,Sunricher,b2b,Professional · 2.4G Mesh,Профессиональный LED драйвер,Диммируемый блок питания со стабилизацией тока. Гарантирует отсутствие мерцания (Flicker Free) и долгий срок службы премиальных светильников.,bus-systems,Шинные системы,led-drivers,Умные LED драйверы,17000,4.8,30,RF 2.4G Mesh,Управление освещением,Sunricher 2.4G Ecosystem,Точная конфигурация,Беспроводная установка выходного тока прямо со смартфона по NFC.
